{
  "step": [
    50,
    100,
    150,
    200,
    250,
    300,
    350,
    400,
    450,
    500,
    550,
    600,
    675,
    725,
    775,
    825,
    875,
    925,
    975,
    1025,
    1075,
    1125,
    1175,
    1225
  ],
  "train_loss": [
    0.1507653011381626,
    0.13611460849642754,
    0.12357882365584373,
    0.1144377139210701,
    0.11249495714902878,
    0.10816043049097061,
    0.1034194590896368,
    0.10446209043264389,
    0.09872338600456715,
    0.10094938814640045,
    0.10353524252772331,
    0.09915719993412495,
    0.06568780928850174,
    0.0718018252402544,
    0.06752623632550239,
    0.07157871700823307,
    0.07260117396712303,
    0.06749472320079804,
    0.07030312191694975,
    0.06703979533165694,
    0.07088491328060627,
    0.07144426573067904,
    0.06826787620782852,
    0.06629377953708172
  ],
  "val": [
    {
      "recall@1": 0.6809999942779541,
      "recall@5": 0.8220000267028809,
      "recall@10": 0.8550000190734863,
      "mrr": 0.7467103004455566,
      "epoch": 1
    },
    {
      "recall@1": 0.6460000276565552,
      "recall@5": 0.8059999942779541,
      "recall@10": 0.8550000190734863,
      "mrr": 0.7183125019073486,
      "epoch": 2
    }
  ]
}