{
  "step": [
    50,
    100,
    150,
    200,
    250,
    300,
    350,
    400,
    450,
    500,
    550,
    600,
    675,
    725,
    775,
    825,
    875,
    925,
    975,
    1025,
    1075,
    1125,
    1175,
    1225
  ],
  "train_loss": [
    0.9930057752132416,
    0.6704779201745987,
    0.6040553057193756,
    0.5838915282487869,
    0.5734296780824661,
    0.5845801669359207,
    0.5566606748104096,
    0.5511307927966118,
    0.5368482184410095,
    0.5391491150856018,
    0.5571920603513718,
    0.5268455958366394,
    0.3118070563673973,
    0.2974503776431084,
    0.3011758100986481,
    0.2915326125919819,
    0.3072573909163475,
    0.3144994360208511,
    0.3141674035787582,
    0.30186842918395995,
    0.29860735148191453,
    0.32115425139665604,
    0.3163593819737434,
    0.30752032667398455
  ],
  "val": [
    {
      "recall@1": 0.8949999809265137,
      "recall@5": 0.9700000286102295,
      "recall@10": 0.9829999804496765,
      "mrr": 0.9291909337043762,
      "epoch": 1
    },
    {
      "recall@1": 0.9039999842643738,
      "recall@5": 0.9729999899864197,
      "recall@10": 0.9769999980926514,
      "mrr": 0.9350975751876831,
      "epoch": 2
    }
  ]
}